,File Name,Original Transcription,Model Transcription
0,19-227-0000,chapter thirty catherine's disposition was not naturally sedentary nor had her habits been ever very industrious but whatever might hitherto have been her defects of that sort,chapter 30762 session was naturally 7:309 habits pin everwear industriesforever my favourite you have done head effects of that sort
1,19-227-0001,her mother could not but perceive them now to be greatly increased she could neither sit still nor employ herself for ten minutes together walking round the garden and orchard again and again as if nothing but motion was voluntary,mother could not receive them now to be greatly increasedshekhar nearest store not employ yourself for 10 minutes togetherwalking around the garden and orchard can it againas if nothing but motion was voluntary
2,19-227-0002,and it seemed as if she could even walk about the house rather than remain fixed for any time in the parlour her loss of spirits was a yet greater alteration in her rambling and her idleness,seemed as if she could even walked about the house rather than women fixed for any time in the parlourlaws of spirits was a greater operationin her rambling and iron as
3,19-227-0003,but when a third night's rest had neither restored her cheerfulness improved her in useful activity nor given her a greater inclination for needlework she could no longer refrain from the gentle reproof of,the night's rest of the restored hatya for thisimproved and useful activitynot given her a greater in condition for neuro workticket no longer refrain from the gentle reprove
4,19-227-0004,my dear catherine i am afraid you are growing quite a fine lady i do not know when poor richard's cravats would be done if he had no friend but you your head runs too much upon bath,my dear friendi am afraid you are growing quite a fine veryi do not know when 4 which are described as will be done if you have no friends but youyou had done too much on back
5,19-227-0005,catherine took up her work directly saying in a dejected voice that her head did not run upon bath much then you are fretting about general tilney and that is very simple of you,catherine toka forward to directly saying in a digital voice thatdinner point badmatchcan you ask writing about general theory and where is very simple love you
6,19-227-0006,for ten to one whether you ever see him again you should never fret about trifles after a short silence i hope my catherine you are not getting out of humour with home because it is not so grand as northanger,10 to 1 what are you ever see him againyou should never try to get riflesrefresher sciencei hope my kasim and you are not getting out of humorous home because it is not so grand does not
7,19-227-0007,that would be turning your visit into an evil indeed wherever you are you should always be contented but especially at home because there you must spend the most of your time i did not quite like at breakfast,would be turning your visit into an evil indeedwherever you are you should always be contentedorchestra at homebecause there you must stand the most of your timei did not quite like at breakfast
8,19-227-0008,to hear you talk so much about the french bread at northanger i am sure i do not care about the bread it is all the same to me what i eat there is a very clever essay in one of the books upstairs upon much such a subject,do you talk so much about the french bread and not sayingi am sure i did not care about the breadit is all the same to me what i eatthere is a very clever essay in one of the books upstairs up on much such a subject
9,19-227-0009,about young girls that have been spoilt for home by great acquaintance the mirror i think i will look it out for you some day or other because i am sure it will do you good catherine said no more and with an endeavour to do right,young girl i have in store for home by great acquaintancethe mirror i thinki will look out for you some day or other because i am sure to you goodcatherine said now more and with an endeavour to do right
10,19-227-0010,applied to her work but after a few minutes sunk again without knowing it herself into languor and listlessness moving herself in her chair from the irritation of weariness much oftener than she moved her needle,apply to havocafter few minutes sangh again without knowing it yourselfinsulina and restlessnessmoving herself in her chair from irritation awarenessmuch of an hour then she moved her niro
11,19-227-0011,hastily left the room to fetch the book in question anxious to lose no time in attacking so dreadful a malady it was some time before she could find what she looked for and other family matters occurring to detain her,hate story was around to fix the broken questionanxious to lose no time in a talking so dreadfully melodythere was some time before she could find what you're looking for and other family matters a current to retain her
12,19-227-0012,a quarter of an hour had elapsed ere she returned downstairs with the volume from which so much was hoped her avocations above having shut out all noise but what she created herself,a quarter of an hour had elapsed or she returned downstairs with the volume from which so much was helpedavocations about having shut out all noise but she created herself
13,19-227-0013,she knew not that a visitor had arrived within the last few minutes till on entering the room the first object she beheld was a young man whom she had never seen before,can you na visitor had arrived within the last few minuteson entering the roomthe first object she be held was a young man whom she had never seen before
14,19-227-0014,with a look of much respect he immediately rose and being introduced to her by her conscious daughter as mister henry tilney with the embarrassment of real sensibility,much respect he immediately eurosand being introduced to her by her conscious daughter asmr henry tell meembarrassment of rio sensibility
15,19-227-0015,began to apologize for his appearance there acknowledging that after what had passed he had little right to expect a welcome at fullerton and stating his impatience to be assured of miss morland's having reached her home in safety,priyanshu apologise for his appearance thatacknowledging that after i had passed he had the right to expect the volcanic for latinand stating his impatience to be assured of ms small and having reached for home in safety
16,19-227-0016,as the cause of his intrusion he did not address himself to an uncandid judge or a resentful heart far from comprehending him or his sister in their father's misconduct,as the cause of his equationaddressed himself to win an candid judge or a reason for heartparson comprehending him or his sister in a father is misconduct
17,19-227-0017,missus morland had been always kindly disposed towards each and instantly pleased by his appearance received him with the simple professions of unaffected benevolence thanking him for such an attention to her daughter,mrs boy band had been always kindly dispersed throughout eachan instrumentfees for his appearancereceive him was the simple professions of an affected benevolencethanking him for such an attention to her daughter
18,19-227-0018,though his heart was greatly relieved by such unlooked for mildness it was not just at that moment in his power to say anything to the purpose returning in silence to his seat therefore,love his heart was greatly relieved by such a note for my officeit was just at that moment in his power to say anything to the purposepertaining in silence to his seat therefore
19,19-227-0019,but her glowing cheek and brightened eye made her mother trust that this good natured visit would at least set her heart at ease for a time and gladly therefore did she lay aside the first volume of the mirror for a future hour,glowing cheek and brian i made her mother trust that this good-natured visitvirar east sector hard it is for a timeand therefore did she lay aside the first volume of the mirrorfuturama
20,19-227-0020,desirous of mister morland's assistance as well in giving encouragement as in finding conversation for her guest whose embarrassment on his father's account she earnestly pitied,dzire service tomorrowland assistanceas violin giving encouragement as in finding conversation for a guestattachment on his father's account she honestly 13
21,19-227-0021,missus morland had very early dispatched one of the children to summon him but mister morland was from home and being thus without any support at the end of a quarter of an hour she had nothing to say,fishes monument had vari dispatched one of the children to summon himmr morgan was from homeand ben 10 without any supportat the end of a quarter of an hour she has nothing to say
22,19-227-0022,after a couple of minutes unbroken silence henry turning to catherine for the first time since her mother's entrance asked her with sudden alacrity if mister and missus allen were now at fullerton,after a couple of minutes and broken silence henryturn into cancer in for the first time since in a sentencepasta with sun alacrityif mr and mrs allan when i had forgotten
23,19-227-0023,and on developing from amidst all her perplexity of words in reply the meaning which one short syllable would have given immediately expressed his intention of paying his respects to them and,and on the thing from the midst of republic city of words in reply the meaningwhich one shot sellable would have givenimmediate express intention of paying his respects to them and
24,19-227-0024,asked her if she would have the goodness to show him the way you may see the house from this window sir was information on sarah's side which produced only a bow of acknowledgment from the gentleman and a silencing nod from her mother,ask you if you have the goodness to show him the wayyou messi the house from this window sirinformation on server side which produced only about acknowledgment from the gentlemansilencing not from her mother
25,19-227-0025,for missus morland thinking it probable as a secondary consideration in his wish of waiting on their worthy neighbours that he might have some explanation to give of his father's behaviour,form a small and taking a probable as a secondary consideration in his ratio waiting on their neighbourshe might have some explanation to give but his father's behaviour
26,19-227-0026,which it must be more pleasant for him to communicate only to catherine would not on any account prevent her accompanying him they began their walk and missus morland was not entirely mistaken in his object in wishing it,it must be more pleasant for him to communicate on it to catherinewould not on any account provider company in himcan i walkand mrs morland was not entirely mistaken in his object in watching at
27,19-227-0027,some explanation on his father's account he had to give but his first purpose was to explain himself and before they reached mister allen's grounds he had done it so well that catherine did not think it could ever be repeated too often,some explanation on his father's account he had to give50 first purpose was to explain himselfmp4 direct mr island grounds he had done it so well that catherine did not think it could ever be repeated too often
28,19-227-0028,and delighted in all the excellencies of her character and truly loved her society i must confess that his affection originated in nothing better than gratitude or in other words that a persuasion of her partiality for him,hd light excellencies of the character and truly love the societyi must confess that is a fraction originated in nothing better than gratitudein other wordsmere persuasion of her partiality for him
29,19-227-0029,had been the only cause of giving her a serious thought it is a new circumstance in romance i acknowledge and dreadfully derogatory of an heroine's dignity but if it be as new in common life,hibernoma cause of giving hysteria spartit is a new circumstances and romance college and dreadful interrogatory adherence dignityif it has new income in wife
30,19-227-0030,the credit of a wild imagination will at least be all my own a very short visit to missus allen in which henry talked at random without sense or connection and catherine,the credit of a wild imagination at least the oh my owna very short visit to mrs allan in which henry talktime random without sensor connectionand catherine
31,19-227-0031,scarcely opened her lips dismissed them to the ecstasies of another tete a tete and before it was suffered to close she was enabled to judge how far he was sanctioned by parental authority in his present application,open appsdismiss them to the ecstasies of another tatatatand before i will suffer to closeshe was unable to judge how far he was sanctioned by coronavirus it in his present application
32,19-227-0032,on his return from woodston two days before he had been met near the abbey by his impatient father hastily informed in angry terms of miss morland's departure and ordered to think of her no more,on his return from within 2 days beforehe had a baby by his impression fatherhastily informed and angry terms of ms moments the cultureand i think of her no more
33,19-227-0033,such was the permission upon which he had now offered her his hand the affrighted catherine amidst all the terrors of expectation as she listened to this account,such was the commissioner point that she has now offered his handcatherine amidst all the carriers expectationamazon account
34,19-227-0034,could not but rejoice in the kind caution with which henry had saved her from the necessity of a conscientious rejection by engaging her faith before he mentioned the subject,could not read joyce in a kind question with which i had saved from the necessity of a continent is rejectionfind getting her face before he mentioned the subject
35,19-227-0035,nothing to lay to her charge but her being the involuntary unconscious object of a deception which his pride could not pardon and which a better pride would have been ashamed to own,nothing to main to her charge for being the involuntary unconscious object ever deception which is try could not findand which a better pride would have been ashamed to own
36,19-227-0036,and designed her for his daughter in law on discovering his error to turn her from the house seemed the best though to his feelings an inadequate proof of his resentment towards herself and his contempt of her family,and designer for his daughter in lawdiscovering tut and her from the house seems the bestto his feelings and inadequate proof of his resentment towards yourselfand his contempt of a family
37,19-227-0037,john thorpe had first misled him the general perceiving his son one night at the theatre to be paying considerable attention to miss morland,john stott head first misled himthe generalreceiving his son one night at the theatre to be paying considerable attention to mis moreland
38,19-227-0038,had accidentally inquired of thorpe if he knew more of her than her name thorpe most happy to be on speaking terms with a man of general tilney's importance had been joyfully and proudly communicative,had accidentally inquired of top if he knew more of her that her namesirmost happy to be on speaking terms with the men of general theory is importancefabian joyfully and proudly communicative
39,19-227-0039,and being at that time not only in daily expectation of morland's engaging isabella but likewise pretty well resolved upon marrying catherine himself,and being that i'm not on daily expectation of morons in gauging isabellamy choize pretty well reserved and marion kasim in himself
40,19-227-0040,his vanity induced him to represent the family as yet more wealthy than his vanity and avarice had made him believe them with whomsoever he was or was likely to be connected,his vanity and used him to represent the family as yet more well we then headed and everest handmade embolismwest holmes where he was or was likely to be connected
41,19-227-0041,his own consequence always required that theirs should be great and as his intimacy with any acquaintance grew so regularly grew their fortune the expectations of his friend morland therefore from the first overrated,his on consequence always require that there should be greatand assess intimacy with any acquaintance groupso regularly to the fortuneexpectations of his friend and therefore from the first rated
42,19-227-0042,had ever since his introduction to isabella been gradually increasing and by merely adding twice as much for the grandeur of the moment by doubling what he chose to think the amount of mister morland's preferment trebling his private fortune,ever since its introduction to isabella been gradually increasingand by adding twice as much of the momentby doubling what he told to check the amount of mr mon performancetraveling health private fortune
43,19-227-0043,bestowing a rich aunt and sinking half the children he was able to represent the whole family to the general in a most respectable light for catherine however the peculiar object of the general's curiosity,disturbing richardand sinking half childrenhe was able to represent the whole family to the general innermost respectable lightfor catherine however the particular object of the general curiosity
44,19-227-0044,and his own speculations he had yet something more in reserve and the ten or fifteen thousand pounds which her father could give her would be a pretty addition to mister allen's estate,amazon speculationshe had something more in reserveand 15000 pounds with her father could give her would be a pretty addition to mr allowances date
45,19-227-0045,her intimacy there had made him seriously determine on her being handsomely legacied hereafter and to speak of her therefore as the almost acknowledged future heiress of fullerton naturally followed,intimacy that had made him seriously determine on having handsome legacy 13 afterand to speak a paragraph or as the honest technologist future address of fullerton naturally found
46,19-227-0046,upon such intelligence the general had proceeded for never had it occurred to him to doubt its authority thorpe's interest in the family by his sister's approaching connection with one of its members,upon such intelligence the general had precededfor never had occurred to him to download sorrytops interest in the familypyrocystis approaching connection with one of its members
47,19-227-0047,and his own views on another circumstances of which he boasted with almost equal openness seemed sufficient vouchers for his truth and to these were added the absolute facts of the allens being wealthy and childless,it is only used on anothercircumstances and boosted with almost equal opennesssame session values for historyand chillies were added the absolute facts of the islands being welfare and tireless
48,19-227-0048,of miss morland's being under their care and as soon as his acquaintance allowed him to judge of their treating her with parental kindness his resolution was soon formed,small and being under their care andas soon as his acquaintance allow him to judgeof their treating her with parantu kindnesshis resolution was soon found
49,19-227-0049,and thankful for mister thorpe's communication he almost instantly determined to spare no pains in weakening his boasted interest and ruining his dearest hopes,and thankful for mr thoughts communicationhe almost instantly determined to spare no pains in week and in his best interest and ruining his dearest helps
50,19-227-0050,catherine herself could not be more ignorant at the time of all this than his own children henry and eleanor perceiving nothing in her situation likely to engage their father's particular respect,cancer and her self could not be more ignorant at the time about thiswhen is round shoulderhenry and i know receiving nothing in her situation likely to engage their father's particular respect
51,19-227-0051,had seen with astonishment the suddenness continuance and extent of his attention and though latterly from some hints which had accompanied an almost positive command to his son of doing everything in his power to attach her,had seen with astonishment the sun scontinuance and extent of his attentionand the laterally from some hints which had accompanied and almost positive come and to his son of doing everything in his power to attached
52,19-227-0052,henry was convinced of his father's believing it to be an advantageous connection it was not till the late explanation at northanger that they had the smallest idea of the false calculations which had hurried him on,henry was convinced of his father is believing it to be an advantageous connectionthe late explanation at not saying that they had the smallest idea of the first calculations with her him on
53,19-227-0053,that they were false the general had learnt from the very person who had suggested them from thorpe himself whom he had chanced to meet again in town and who under the influence of exactly opposite feelings,weather report of the general headlines from the very person who had suggested themfrom talk himselfa chance to meet again and and andunder the influence of exactly opposite feelings
54,19-227-0054,irritated by catherine's refusal and yet more by the failure of a very recent endeavour to accomplish a reconciliation between morland and isabella convinced that they were separated forever,by katherine refuser and more by the failure of a recent endeavour to accomplish a reconciliation between moment and isabellaconvinced that i was separated forever
55,19-227-0055,and spurning a friendship which could be no longer serviceable hastened to contradict all that he had said before to the advantage of the morlands confessed himself to have been totally mistaken in his opinion of their circumstances and character,installing a friendship which could be no longer serviceablehastened to contradict all that he had said before to the advantage of the momentcal customs of two have been how do in a stake in in his opinion of their circumstances and character
56,19-227-0056,misled by the rhodomontade of his friend to believe his father a man of substance and credit whereas the transactions of the two or three last weeks proved him to be neither,nestle 12 month of his friend to be waived his father in manners substance and creditfor all the transactions of the to atri last week's prove him to be neither
57,19-227-0057,for after coming eagerly forward on the first overture of a marriage between the families with the most liberal proposals he had on being brought to the point by the shrewdness of the relator,for after coming agali forward and the first overture of the marriage between the familieswho is the most liberal proposalhe had on being brought to the point for the treatment of the related
58,19-227-0058,been constrained to acknowledge himself incapable of giving the young people even a decent support they were in fact a necessitous family numerous too almost beyond example by no means respected in their own neighbourhood,pin constraints to acknowledge himself incapable of giving young people even a decision supportpaper in fact a necessitous familynumerous to almost beyond examplechi navin respected and around
59,19-227-0059,as he had lately had particular opportunities of discovering aiming at a style of life which their fortune could not warrant seeking to better themselves by wealthy connections a forward bragging scheming race,aisi headline we have particular opportunities of discoveringhaving a style of life which their fortune can not warrantseeking to better themselves by wealthy connectionsforwarddragging scheming race
60,19-227-0060,the terrified general pronounced the name of allen with an inquiring look and here too thorpe had learnt his error the allens he believed had lived near them too long,the terrified general for nounsthe name of alan walker and inquiring lookand here to sort headline is errorhe believedhad lived near them too long
61,19-227-0061,and he knew the young man on whom the fullerton estate must devolve the general needed no more enraged with almost everybody in the world but himself he set out the next day for the abbey where his performances have been seen,any news on the forth and the state must evolvegeneral needed no moreenraged bottom of the everybody in the world of the himselfhisar out the next day for the abbeyhis performances have been seen
62,19-227-0062,i leave it to my reader's sagacity to determine how much of all this it was possible for henry to communicate at this time to catherine how much of it he could have learnt from his father,to my readers sagacity to determine how much of all this it was possible for him to communicate at this time to class 7how much is he could have learnt from his father
63,19-227-0063,in what points his own conjectures might assist him and what portion must yet remain to be told in a letter from james,in points is on conjectures my systemand what question must remain to be told in a letter from james
64,19-227-0064,catherine at any rate heard enough to feel that in suspecting general tilney of either murdering or shutting up his wife she had scarcely sinned against his character or magnified his cruelty,catherine at any rate had enough to feel that in suspecting general theory of either murdering or shutting up his wifeshe had scarcely sinned against his character or magnified his cruelty
65,19-227-0065,henry in having such things to relate of his father was almost as pitiable as in their first avowal to himself he blushed for the narrow minded counsel which he was obliged to expose,henry in having such things to relate to his fatherwas almost as table as in their first about himselfhe blushed for the narrow minded counselor which he was obliged to expose
66,19-227-0066,the conversation between them at northanger had been of the most unfriendly kind henry's indignation on hearing how catherine had been treated on comprehending his father's views and being ordered to acquiesce in them,the conversation between noise and had been of the most unfriendly kindhenry's indignation on hearing her cancer and had been treateduncomprehending his father's newsand being order to acquire synonym
67,19-227-0067,had been open and bold the general accustomed on every ordinary occasion to give the law in his family prepared for no reluctance but of feeling,heaven open and bolthe generalcustom done every or any occasion to give the lord his familyprepare for nerve reluctance better feeling
68,19-227-0068,no opposing desire that should dare to clothe itself in words could ill brook the opposition of his son steady as the sanction of reason and the dictate of conscience could make it but in such a cause his anger,no 8000 desire that should be there to close this off in wordscan broccoli opposition of his sonis the sanction of reason and the dictator of conscience crematedin such a causenews anchor
69,19-227-0069,though it must shock could not intimidate henry who was sustained in his purpose by a conviction of its justice he felt himself bound as much in honour as in affection to miss morland,mast sharkcould not intermediate henry who was sustained in his purpose by a conviction about justicehe found himself bound as much in honour as an affection to miss moment
70,19-227-0070,and believing that heart to be his own which he had been directed to gain no unworthy retraction of a tacit consent,and believing that hard to be his own which he had been directed to gainno and worthy with traction awake acid content
71,19-227-0071,he steadily refused to accompany his father into herefordshire an engagement formed almost at the moment to promote the dismissal of catherine and as steadily declared his intention of offering her his hand,hastily refused to accompany his father into her first shotand engagement form down of that the moment to promote the dismissal of class 7and as a leader and his intention offering his hand
72,19-227-0072,the general was furious in his anger and they parted in dreadful disagreement henry in an agitation of mind which many solitary hours were required to compose,the general was furious in his angerand they didn't read this agreementhenry and an adaptation of mind which many solitary hours were required to compose
